{"cameraMode":{"drawMode":0,"name":"Shaded","section":"Shading Mode"},"sceneLighting":true,"audioPlay":false,"sceneViewState":{"m_AlwaysRefresh":false,"showFog":true,"showSkybox":true,"showFlares":true,"showImageEffects":true,"showParticleSystems":true,"showVisualEffectGraphs":true,"m_FxEnabled":true},"in2DMode":false,"pivot":{"x":-7.595660209655762,"y":-0.7035349607467651,"z":0.4364047050476074},"rotation":{"x":-0.15704403817653657,"y":0.3833547532558441,"z":-0.06632160395383835,"w":-0.9077395796775818},"size":2.8039636611938478,"orthographic":false}