{"cameraMode":{"drawMode":0,"name":"Shaded","section":"Shading Mode"},"sceneLighting":true,"audioPlay":false,"sceneViewState":{"m_AlwaysRefresh":false,"showFog":true,"showSkybox":true,"showFlares":true,"showImageEffects":true,"showParticleSystems":true,"showVisualEffectGraphs":true,"m_FxEnabled":true},"in2DMode":false,"pivot":{"x":1.5550107955932618,"y":2.5755093097686769,"z":4.598536491394043},"rotation":{"x":0.1495971381664276,"y":-0.1447918564081192,"z":0.022151678800582887,"w":0.9778438806533814},"size":2.210019111633301,"orthographic":false}