{"cameraMode":{"drawMode":0,"name":"Shaded","section":"Shading Mode"},"sceneLighting":true,"audioPlay":false,"sceneViewState":{"m_AlwaysRefresh":false,"showFog":true,"showSkybox":true,"showFlares":true,"showImageEffects":true,"showParticleSystems":true,"showVisualEffectGraphs":true,"m_FxEnabled":true},"in2DMode":false,"pivot":{"x":6.349715709686279,"y":1.1815218925476075,"z":9.610034942626954},"rotation":{"x":0.010809424333274365,"y":0.004495264496654272,"z":-0.000048404966946691275,"w":0.9999390840530396},"size":6.446636199951172,"orthographic":false}