{"cameraMode":{"drawMode":0,"name":"Shaded","section":"Shading Mode"},"sceneLighting":true,"audioPlay":false,"sceneViewState":{"m_AlwaysRefresh":false,"showFog":true,"showSkybox":true,"showFlares":true,"showImageEffects":true,"showParticleSystems":true,"showVisualEffectGraphs":true,"m_FxEnabled":true},"in2DMode":false,"pivot":{"x":11.654563903808594,"y":4.548079013824463,"z":10.50090217590332},"rotation":{"x":-0.12221024185419083,"y":0.24071882665157319,"z":-0.030566630885004998,"w":-0.9623919725418091},"size":5.254186153411865,"orthographic":false}