{"cameraMode":{"drawMode":0,"name":"Shaded","section":"Shading Mode"},"sceneLighting":true,"audioPlay":false,"sceneViewState":{"m_AlwaysRefresh":false,"showFog":true,"showSkybox":true,"showFlares":true,"showImageEffects":true,"showParticleSystems":true,"showVisualEffectGraphs":true,"m_FxEnabled":true},"in2DMode":false,"pivot":{"x":-1.1815695762634278,"y":-2.9322776794433595,"z":25.95792007446289},"rotation":{"x":-0.09234362095594406,"y":0.36224234104156496,"z":-0.03609279543161392,"w":-0.9267968535423279},"size":16.230764389038087,"orthographic":false}