{"cameraMode":{"drawMode":0,"name":"Shaded","section":"Shading Mode"},"sceneLighting":true,"audioPlay":false,"sceneViewState":{"m_AlwaysRefresh":false,"showFog":true,"showSkybox":true,"showFlares":true,"showImageEffects":true,"showParticleSystems":true,"showVisualEffectGraphs":true,"m_FxEnabled":true},"in2DMode":false,"pivot":{"x":-0.8061160445213318,"y":0.43975895643234255,"z":1.5801377296447755},"rotation":{"x":-0.015309090726077557,"y":-0.005087082274258137,"z":0.0000759299291530624,"w":-0.9998803734779358},"size":0.7996358275413513,"orthographic":false}