{"cameraMode":{"drawMode":0,"name":"Shaded","section":"Shading Mode"},"sceneLighting":true,"audioPlay":false,"sceneViewState":{"m_AlwaysRefresh":false,"showFog":true,"showSkybox":true,"showFlares":true,"showImageEffects":true,"showParticleSystems":true,"showVisualEffectGraphs":true,"m_FxEnabled":true},"in2DMode":false,"pivot":{"x":0.1617593765258789,"y":1.3640363216400147,"z":0.3176851272583008},"rotation":{"x":0.07427196949720383,"y":-0.15936397016048432,"z":0.012024411000311375,"w":0.9843541383743286},"size":2.01214861869812,"orthographic":false}