{"cameraMode":{"drawMode":0,"name":"Shaded","section":"Shading Mode"},"sceneLighting":false,"audioPlay":false,"sceneViewState":{"m_AlwaysRefresh":false,"showFog":true,"showSkybox":false,"showFlares":true,"showImageEffects":true,"showParticleSystems":true,"showVisualEffectGraphs":true,"m_FxEnabled":true},"in2DMode":false,"pivot":{"x":-0.012687068432569504,"y":0.010844603180885315,"z":0.0012833364307880402},"rotation":{"x":-0.04978195205330849,"y":0.017075175419449807,"z":-0.0008496355731040239,"w":-0.9986200928688049},"size":0.02241908386349678,"orthographic":false}